,user_id,year,power,power_kWh,cost
0,2,2017,2960549.9899976403,49.34250151307864,9.917908155001252
1,2,2018,2926016.559997646,48.76694477907623,9.802221680001935
2,2,2019,2964965.149997384,49.416088331084964,9.932699562000998
3,2,2020,2098336.9100025003,34.972283019004784,7.029473229007982
