week,desktop,fan,laptop,monitor,others,tasklamp,total
15 Jun,3.8651362422815394,0.5452179738349552,2.18707640432039,2.932213046941741,0.954045319368935,0.8185567615048563,11.302245748252417
22 Jun,3.9602916522815503,0.6051601938349535,2.2736511243203887,3.115004456941747,1.0199974393689353,0.8353060915048536,11.80941095825243
29 Jun,3.714227452281548,0.5787950238349575,2.2202333643203906,3.1334843969417427,1.0636687093689325,0.8644832515048531,11.574892198252426
6 Jul,1.2009154122815457,0.28565260383495406,0.723078834320384,0.9752348369417481,0.3919548493689307,0.14560474150485536,3.7224412782524188
13 Jul,0.5759400822815492,0.04866355383495469,0.252067494320386,0.3803632769417431,0.2119533193689322,0.1296734815048527,1.598661208252417
20 Jul,0.3761722122815503,0.03954820383495217,0.30133058432038706,0.4577422469417378,0.091924159368933,0.09098299150485512,1.3577003982524145
